LAST NAME,FIRST NAME,MID NAME,UIN,TNUMBER,EMAIL,CLASSIFICATION,CLASSCODE,CREDITS,MAJOR,MIDTERM REQUIRED,DEGREE CANDIDATE,ABSENCES,MIDTERM,FINALGRADE,UPDATEDFINALGRADE
Bose,Arka,M,630003201,T02414489,abose0267@email.tamu.edu,UG,U4,3,CPSC,,,,,,NA
Dhulipala,Harshitha,,430004490,T02471829,hdhulipala02@email.tamu.edu,UG,U4,3,CPSC,,,,,,NA
Frost,Molly,Elizabeth,731002331,T02622086,mollyfrost01@email.tamu.edu,UG,U4,3,CPSC,,,,,,NA
Imwalle,Andrew,J,828001363,T02238788,andrew.imwalle@email.tamu.edu,UG,U4,3,CECN,,,,,,NA
Ketkar,Anuj,Manoj,330000816,T02480246,anujketkar@email.tamu.edu,UG,U4,3,CPSC,,,,,,NA
Manuel,Neha,Ann,430005130,T02485065,nehaam02@email.tamu.edu,UG,U4,3,CPSC,,,,,,NA
McDonough,Nick,Raymond,428009152,T02336206,nimcd@email.tamu.edu,UG,U4,3,CPSC,,,,,,NA
More,Abhishek,V,527009875,T02329086,abhishekmore@email.tamu.edu,UG,U4,3,CECN,,,,,,NA
Novicio,Ethan,B,830005524,T02506250,ethannovicio@email.tamu.edu,UG,U4,3,CPSC,,,,,,NA
Oliphant,Caleb,Michael,930004995,T02472736,oliphcal000@email.tamu.edu,UG,U4,3,CPSC,,,,,,NA
Sarkar,Uma,Estelle,330000998,T02482129,umasarkar@email.tamu.edu,UG,U4,3,CPSC,,,,,,NA
Sotelo,Sarah Eilene,L,930006334,T02472387,slsotelo@email.tamu.edu,UG,U3,3,CPSC,,,,,,NA
Tracy,Eli,Daniel,728002211,T02319071,elitracy@email.tamu.edu,UG,U4,3,CPSC,,,,,,NA
Tran,Tuong,M,430007597,T02509601,t2tran@email.tamu.edu,UG,U4,3,CPSC,,,,,,NA
